{"cameraMode":{"drawMode":0,"name":"Shaded","section":"Shading Mode"},"sceneLighting":false,"audioPlay":false,"sceneViewState":{"showFog":true,"showMaterialUpdate":false,"showSkybox":false,"showFlares":true,"showImageEffects":true,"showParticleSystems":true},"in2DMode":false,"pivot":{"x":74.5999984741211,"y":85.45089721679688,"z":385.30999755859377},"rotation":{"x":-0.2655670940876007,"y":-0.011299044825136662,"z":0.0031077261082828047,"w":-0.9640247225761414},"size":24.938932418823243,"orthographic":false}