{"cameraMode":{"drawMode":0,"name":"Shaded","section":"Shading Mode"},"sceneLighting":false,"audioPlay":false,"sceneViewState":{"showFog":true,"showMaterialUpdate":false,"showSkybox":false,"showFlares":true,"showImageEffects":true,"showParticleSystems":true},"in2DMode":false,"pivot":{"x":179.16567993164063,"y":9.209148406982422,"z":130.13389587402345},"rotation":{"x":-0.14290478825569154,"y":0.8013774156570435,"z":-0.2117338627576828,"w":-0.5408708453178406},"size":61.96435546875,"orthographic":false}