{"cameraMode":{"drawMode":0,"name":"Shaded","section":"Shading Mode"},"sceneLighting":false,"audioPlay":false,"sceneViewState":{"showFog":true,"showMaterialUpdate":false,"showSkybox":false,"showFlares":true,"showImageEffects":true,"showParticleSystems":true},"in2DMode":false,"pivot":{"x":98.5,"y":85.45089721679688,"z":-8.199999809265137},"rotation":{"x":0.6737909317016602,"y":0.04864663630723953,"z":-0.04452741891145706,"w":0.7359861135482788},"size":24.938966751098634,"orthographic":false}