{"cameraMode":{"drawMode":0,"name":"Shaded","section":"Shading Mode"},"sceneLighting":false,"audioPlay":false,"sceneViewState":{"showFog":true,"showMaterialUpdate":false,"showSkybox":false,"showFlares":true,"showImageEffects":true,"showParticleSystems":true},"in2DMode":false,"pivot":{"x":-176.9485626220703,"y":-5.192253112792969,"z":-214.6533966064453},"rotation":{"x":0.010043758898973465,"y":0.9430543780326843,"z":-0.028591958805918695,"w":0.33126136660575869},"size":22.0,"orthographic":false}