{"count":1,"self":48.6045248,"total":64.246231,"children":{"AgentResetIfDone":{"count":10738,"self":1.3759839999999999,"total":1.3759839999999999,"children":null},"AgentSendState":{"count":10738,"self":2.022843,"total":5.195596,"children":{"CollectObservations":{"count":40812,"self":3.1727529999999997,"total":3.1727529999999997,"children":null}}},"DecideAction":{"count":10738,"self":7.8010807999999994,"total":7.801081,"children":null},"AcademyStep":{"count":10738,"self":0.301966,"total":0.301966,"children":null},"AgentAct":{"count":10738,"self":0.961208,"total":0.961208,"children":null}}}